{
  "total_units": 360,
  "project_days": 360,
  "price_interval_days": 15,
  "initial_base_price": 900.0,
  "price_range_pct": 20.0,
  "lambda_per_day": 10.0,
  "lambda_growth_pct": 0.0,
  "lambda_trend_type": "exp",
  "season_amp_pct": 0.0,
  "season_period_days": 0,
  "season_phase_deg": 0.0,
  "budget_low": 1000.0,
  "budget_high": 2000.0,
  "mu_a": -0.4108016139824629,
  "sigma_a": 0.5121213108241651,
  "mu_b": -5.291896372616006,
  "sigma_b": 1.2997996637967715,
  "softmax_tau": 0.1,
  "sims": 480,
  "target_sellout_prob": 0.95,
  "full_sell": false,
  "guarantee": false,
  "uniform_kfb": 0.15,
  "types": [
    {
      "index": 1,
      "quality_pct": 100.0,
      "price_coeff_pct": 100.0,
      "count": 180
    },
    {
      "index": 2,
      "quality_pct": 105.0,
      "price_coeff_pct": 102.5,
      "count": 180
    }
  ],
  "price_schedule": [
    900.0,
    898.0434782608696,
    897.6352766798419,
    895.9254952004518,
    891.8938304720498,
    887.1996524169338,
    881.2849880674875,
    874.0273469892846,
    870.7497444380748,
    869.0082449491987,
    864.042483549489,
    861.3838912924136,
    854.9235121077206,
    846.3742769866434,
    841.2960313247236,
    835.6873911158921,
    826.2859079658383,
    818.0230488861799,
    803.0259596566,
    791.7835962214076,
    777.927383287533,
    764.9619268994073,
    753.4874979959162,
    720.0
  ]
}